{"detection_mode": "vertical", "line_x_prop": 0.7200000000000002, "line_y_prop": 0.5800000000000001, "mid_gap_prop": 0.1499999999999999, "roi_x_prop": 0.38000000000000017, "roi_y_prop": 0.18000000000000002, "roi_width_prop": 0.6199999999999999, "roi_height_prop": 0.6999999999999997}